begin;

insert into extras (
  id,
  name,
  status,
  price_amount_minor,
  price_currency,
  default_notice_minutes,
  primary_media_asset_id,
  created_at,
  updated_at
) values
  (
    'paddle-surf',
    'Paddle Surf',
    'ACTIVE'::"ExtraStatus",
    3000,
    'EUR',
    0,
    null,
    now(),
    now()
  ),
  (
    'mediterranean-drinks',
    'Mediterranean Drinks',
    'ACTIVE'::"ExtraStatus",
    4500,
    'EUR',
    0,
    null,
    now(),
    now()
  ),
  (
    'sunset-toast',
    'Sunset Toast',
    'ACTIVE'::"ExtraStatus",
    3500,
    'EUR',
    360,
    null,
    now(),
    now()
  ),
  (
    'romantic-setup',
    'Romantic Setup',
    'ACTIVE'::"ExtraStatus",
    8000,
    'EUR',
    1440,
    null,
    now(),
    now()
  ),
  (
    'gourmet-snacks',
    'Gourmet Snacks',
    'ACTIVE'::"ExtraStatus",
    4000,
    'EUR',
    720,
    null,
    now(),
    now()
  ),
  (
    'private-photographer',
    'Private Photographer',
    'ACTIVE'::"ExtraStatus",
    12000,
    'EUR',
    1440,
    null,
    now(),
    now()
  )
on conflict (id) do update set
  name = excluded.name,
  status = excluded.status,
  price_amount_minor = excluded.price_amount_minor,
  price_currency = excluded.price_currency,
  default_notice_minutes = excluded.default_notice_minutes,
  primary_media_asset_id = excluded.primary_media_asset_id,
  updated_at = now();

insert into experiences (
  id,
  internal_name,
  type,
  status,
  display_order,
  base_price_amount_minor,
  base_price_currency,
  deposit_amount_minor,
  deposit_currency,
  duration_minutes,
  capacity,
  departure_port,
  included_items,
  internal_notes,
  buffer_minutes,
  minimum_advance_minutes,
  maximum_advance_months,
  allows_manual_scheduling,
  primary_media_asset_id,
  primary_media_status,
  slot_policy_mode,
  slot_policy_timezone,
  slot_operating_start_minutes,
  slot_operating_end_minutes,
  slot_granularity_minutes,
  created_at,
  updated_at
) values
  (
    'sunset-private-cruise',
    'Sunset Private Cruise',
    'private-charter',
    'PUBLISHED'::"ExperienceStatus",
    1,
    29000,
    'EUR',
    10000,
    'EUR',
    180,
    8,
    'Port Olimpic, Barcelona',
    'Skipper, fuel, welcome drinks, light snacks and snorkeling equipment.',
    'Seeded public catalog experience.',
    30,
    60,
    6,
    true,
    null,
    'MISSING'::"ExperienceMediaStatus",
    'FIXED_SLOTS'::"SlotPolicyMode",
    'Europe/Madrid',
    null,
    null,
    null,
    now(),
    now()
  ),
  (
    'morning-breeze-charter',
    'Morning Breeze Charter',
    'private-charter',
    'PUBLISHED'::"ExperienceStatus",
    2,
    35000,
    'EUR',
    10000,
    'EUR',
    240,
    8,
    'Port Olimpic, Barcelona',
    'Skipper, fuel, welcome drinks, snorkeling equipment and swim stop.',
    'Seeded public catalog experience.',
    30,
    60,
    6,
    true,
    null,
    'MISSING'::"ExperienceMediaStatus",
    'FIXED_SLOTS'::"SlotPolicyMode",
    'Europe/Madrid',
    null,
    null,
    null,
    now(),
    now()
  ),
  (
    'party-on-board',
    'Party on Board',
    'private-charter',
    'PUBLISHED'::"ExperienceStatus",
    3,
    48000,
    'EUR',
    10000,
    'EUR',
    300,
    10,
    'Port Olimpic, Barcelona',
    'Skipper, fuel, Bluetooth sound system, welcome drinks and swim stop.',
    'Seeded public catalog experience.',
    30,
    60,
    6,
    true,
    null,
    'MISSING'::"ExperienceMediaStatus",
    'FIXED_SLOTS'::"SlotPolicyMode",
    'Europe/Madrid',
    null,
    null,
    null,
    now(),
    now()
  ),
  (
    'romantic-proposal',
    'Romantic Proposal',
    'private-charter',
    'PUBLISHED'::"ExperienceStatus",
    4,
    42000,
    'EUR',
    10000,
    'EUR',
    180,
    6,
    'Port Olimpic, Barcelona',
    'Skipper, fuel, welcome drinks, private setup and route planning.',
    'Seeded public catalog experience.',
    30,
    60,
    6,
    true,
    null,
    'MISSING'::"ExperienceMediaStatus",
    'FIXED_SLOTS'::"SlotPolicyMode",
    'Europe/Madrid',
    null,
    null,
    null,
    now(),
    now()
  )
on conflict (id) do update set
  internal_name = excluded.internal_name,
  type = excluded.type,
  status = excluded.status,
  display_order = excluded.display_order,
  base_price_amount_minor = excluded.base_price_amount_minor,
  base_price_currency = excluded.base_price_currency,
  deposit_amount_minor = excluded.deposit_amount_minor,
  deposit_currency = excluded.deposit_currency,
  duration_minutes = excluded.duration_minutes,
  capacity = excluded.capacity,
  departure_port = excluded.departure_port,
  included_items = excluded.included_items,
  internal_notes = excluded.internal_notes,
  buffer_minutes = excluded.buffer_minutes,
  minimum_advance_minutes = excluded.minimum_advance_minutes,
  maximum_advance_months = excluded.maximum_advance_months,
  allows_manual_scheduling = excluded.allows_manual_scheduling,
  primary_media_asset_id = excluded.primary_media_asset_id,
  primary_media_status = excluded.primary_media_status,
  slot_policy_mode = excluded.slot_policy_mode,
  slot_policy_timezone = excluded.slot_policy_timezone,
  slot_operating_start_minutes = excluded.slot_operating_start_minutes,
  slot_operating_end_minutes = excluded.slot_operating_end_minutes,
  slot_granularity_minutes = excluded.slot_granularity_minutes,
  updated_at = now();

insert into experience_fixed_slots (
  id,
  experience_id,
  slot_key,
  label,
  enabled,
  start_minutes,
  end_minutes,
  position,
  created_at,
  updated_at
) values
  ('sunset-private-cruise-slot-1830', 'sunset-private-cruise', 'sunset-1830', 'Sunset departure', true, 1110, 1290, 1, now(), now()),
  ('morning-breeze-charter-slot-1000', 'morning-breeze-charter', 'morning-1000', 'Morning departure', true, 600, 840, 1, now(), now()),
  ('party-on-board-slot-1400', 'party-on-board', 'party-1400', 'Afternoon party', true, 840, 1140, 1, now(), now()),
  ('romantic-proposal-slot-1830', 'romantic-proposal', 'proposal-1830', 'Golden hour proposal', true, 1110, 1290, 1, now(), now())
on conflict (id) do update set
  experience_id = excluded.experience_id,
  slot_key = excluded.slot_key,
  label = excluded.label,
  enabled = excluded.enabled,
  start_minutes = excluded.start_minutes,
  end_minutes = excluded.end_minutes,
  position = excluded.position,
  updated_at = now();

insert into experience_extra_rules (
  id,
  experience_id,
  extra_id,
  enabled,
  limit_per_booking,
  notice_minutes,
  price_override_amount_minor,
  price_override_currency,
  capacity_reduction,
  slot_key,
  created_at,
  updated_at
) values
  ('sunset-private-cruise-extra-mediterranean-drinks', 'sunset-private-cruise', 'mediterranean-drinks', true, 1, 0, null, null, 0, null, now(), now()),
  ('sunset-private-cruise-extra-sunset-toast', 'sunset-private-cruise', 'sunset-toast', true, 1, 360, null, null, 0, null, now(), now()),
  ('sunset-private-cruise-extra-gourmet-snacks', 'sunset-private-cruise', 'gourmet-snacks', true, 1, 720, null, null, 0, null, now(), now()),
  ('morning-breeze-charter-extra-paddle-surf', 'morning-breeze-charter', 'paddle-surf', true, 1, 0, null, null, 0, null, now(), now()),
  ('morning-breeze-charter-extra-mediterranean-drinks', 'morning-breeze-charter', 'mediterranean-drinks', true, 1, 0, null, null, 0, null, now(), now()),
  ('morning-breeze-charter-extra-gourmet-snacks', 'morning-breeze-charter', 'gourmet-snacks', true, 1, 720, null, null, 0, null, now(), now()),
  ('party-on-board-extra-mediterranean-drinks', 'party-on-board', 'mediterranean-drinks', true, 1, 0, null, null, 0, null, now(), now()),
  ('party-on-board-extra-gourmet-snacks', 'party-on-board', 'gourmet-snacks', true, 1, 720, null, null, 0, null, now(), now()),
  ('party-on-board-extra-private-photographer', 'party-on-board', 'private-photographer', true, 1, 1440, null, null, 0, null, now(), now()),
  ('romantic-proposal-extra-sunset-toast', 'romantic-proposal', 'sunset-toast', true, 1, 360, null, null, 0, null, now(), now()),
  ('romantic-proposal-extra-romantic-setup', 'romantic-proposal', 'romantic-setup', true, 1, 1440, null, null, 0, null, now(), now()),
  ('romantic-proposal-extra-private-photographer', 'romantic-proposal', 'private-photographer', true, 1, 1440, null, null, 0, null, now(), now())
on conflict (id) do update set
  experience_id = excluded.experience_id,
  extra_id = excluded.extra_id,
  enabled = excluded.enabled,
  limit_per_booking = excluded.limit_per_booking,
  notice_minutes = excluded.notice_minutes,
  price_override_amount_minor = excluded.price_override_amount_minor,
  price_override_currency = excluded.price_override_currency,
  capacity_reduction = excluded.capacity_reduction,
  slot_key = excluded.slot_key,
  updated_at = now();

with content_rows (
  id,
  experience_id,
  locale,
  slug,
  title,
  h1,
  summary,
  main_content,
  seo_title,
  seo_description,
  geo_summary,
  included_text,
  bring_text,
  visible_terms,
  key_facts,
  image_alt_text
) as (
  values
    ('sunset-private-cruise-en', 'sunset-private-cruise', 'en', 'sunset-private-cruise', 'A toast to the golden hour', 'Private sunset cruise in Barcelona', 'Experience the magic of Barcelona''s coastline as the sun dips below the horizon. A peaceful sail with premium drinks and stunning views.', 'A private sunset boat charter from Port Olimpic designed for couples, friends and small groups who want golden light, calm water and a memorable Barcelona skyline view.', 'Private Sunset Cruise in Barcelona | JimBoats', 'Book a private sunset cruise in Barcelona with skipper, fuel, welcome drinks and Mediterranean views.', 'Private sunset charter from Port Olimpic, Barcelona, with skipper, drinks and a scenic route along the coastline.', 'Skipper, fuel, welcome drinks, light snacks and snorkeling equipment.', 'Swimwear, towel, sunscreen and a light jacket for the return.', 'A EUR 100 deposit is paid online. The remaining balance is paid onboard in cash.', 'Duration 3h · Up to 8 guests · Port Olimpic · EUR 100 deposit', 'Friends enjoying a private sunset boat cruise near Barcelona.'),
    ('morning-breeze-charter-en', 'morning-breeze-charter', 'en', 'morning-breeze-charter', 'Feel the Mediterranean breeze', 'Morning private boat charter in Barcelona', 'Start your day with an invigorating sail. Feel the fresh breeze, take a dip in clear waters, and enjoy the tranquil sea before the city wakes up.', 'A relaxed morning charter for guests who prefer calmer water, bright light and an easy start from Port Olimpic before Barcelona gets busy.', 'Morning Boat Charter in Barcelona | JimBoats', 'Book a private morning boat charter in Barcelona with swim stop, skipper and welcome drinks.', 'Morning private boat experience from Port Olimpic for calm sea, swimming and Mediterranean views.', 'Skipper, fuel, welcome drinks, snorkeling equipment and swim stop.', 'Swimwear, towel, sunscreen and sunglasses.', 'A EUR 100 deposit is paid online. The remaining balance is paid onboard in cash.', 'Duration 4h · Up to 8 guests · Morning slot · Port Olimpic', 'Guests relaxing on deck during a private morning sail in Barcelona.'),
    ('party-on-board-en', 'party-on-board', 'en', 'party-on-board', 'Party on Board', 'Private boat party in Barcelona', 'Celebrate life with a private boat party. Bring your friends, play your favorite music, and enjoy a vibrant atmosphere on the water.', 'A private celebration charter for birthdays, groups and relaxed parties at sea, with skipper, sound system and space to enjoy Barcelona from the water.', 'Private Boat Party in Barcelona | JimBoats', 'Book a private boat party in Barcelona for groups, birthdays and celebrations at sea.', 'Private group celebration on a boat from Port Olimpic with music, swim stop and Barcelona coastline views.', 'Skipper, fuel, Bluetooth sound system, welcome drinks and swim stop.', 'Swimwear, towel, sunscreen and playlist.', 'A EUR 100 deposit is paid online. The remaining balance is paid onboard in cash.', 'Duration 5h · Up to 10 guests · Bluetooth sound · Swim stop', 'Friends celebrating on a private boat in the Mediterranean.'),
    ('romantic-proposal-en', 'romantic-proposal', 'en', 'romantic-proposal', 'Romantic Proposal', 'Romantic proposal boat experience in Barcelona', 'Create a memory that will last a lifetime. Intimate decoration, premium champagne, and the perfect secluded spot on the sea.', 'A private proposal experience at sea, planned around golden light, privacy and thoughtful details for a memorable Barcelona moment.', 'Romantic Proposal Boat in Barcelona | JimBoats', 'Plan a private romantic proposal by boat in Barcelona with skipper, setup options and sunset views.', 'Private romantic boat charter from Port Olimpic for proposals, anniversaries and intimate celebrations.', 'Skipper, fuel, welcome drinks, private setup and route planning.', 'Comfortable clothes, a camera and any personal detail you want onboard.', 'A EUR 100 deposit is paid online. The remaining balance is paid onboard in cash.', 'Duration 3h · Up to 6 guests · Proposal setup · Sunset option', 'Romantic proposal setup on a private boat deck.'),
    ('sunset-private-cruise-es', 'sunset-private-cruise', 'es', 'sunset-private-cruise', 'Un brindis a la hora dorada', 'Paseo privado al atardecer en Barcelona', 'Vive la costa de Barcelona mientras el sol cae sobre el horizonte. Una salida tranquila con bebidas premium y vistas inolvidables.', 'Charter privado al atardecer desde Port Olimpic para parejas, amigos y grupos pequeños que buscan luz dorada, mar en calma y skyline de Barcelona.', 'Paseo privado al atardecer en Barcelona | JimBoats', 'Reserva una salida privada al atardecer en Barcelona con patron, combustible, bebidas de bienvenida y vistas mediterraneas.', 'Charter privado al atardecer desde Port Olimpic con patron, bebidas y ruta escenica por la costa de Barcelona.', 'Patron, combustible, bebidas de bienvenida, snacks ligeros y equipo de snorkel.', 'Bañador, toalla, protector solar y una chaqueta ligera para la vuelta.', 'Se paga una señal de EUR 100 online. El resto se paga a bordo en efectivo.', 'Duracion 3h · Hasta 8 personas · Port Olimpic · Señal EUR 100', 'Amigos disfrutando de una salida privada al atardecer cerca de Barcelona.'),
    ('morning-breeze-charter-es', 'morning-breeze-charter', 'es', 'morning-breeze-charter', 'Siente la brisa mediterranea', 'Charter privado de mañana en Barcelona', 'Empieza el dia navegando con aire fresco, baño en aguas claras y el mar tranquilo antes de que la ciudad despierte.', 'Salida privada de mañana para quienes prefieren agua calmada, luz brillante y un inicio relajado desde Port Olimpic.', 'Charter privado de mañana en Barcelona | JimBoats', 'Reserva un charter privado de mañana en Barcelona con parada para baño, patron y bebidas de bienvenida.', 'Experiencia privada de mañana desde Port Olimpic para mar tranquilo, baño y vistas mediterraneas.', 'Patron, combustible, bebidas de bienvenida, equipo de snorkel y parada para baño.', 'Bañador, toalla, protector solar y gafas de sol.', 'Se paga una señal de EUR 100 online. El resto se paga a bordo en efectivo.', 'Duracion 4h · Hasta 8 personas · Slot de mañana · Port Olimpic', 'Invitados relajandose en cubierta durante una salida privada de mañana.'),
    ('party-on-board-es', 'party-on-board', 'es', 'party-on-board', 'Party on Board', 'Fiesta privada en barco en Barcelona', 'Celebra con tus amigos en un barco privado, con tu musica favorita y un ambiente vibrante sobre el agua.', 'Charter privado para cumpleaños, grupos y celebraciones relajadas en el mar, con patron, sonido y espacio para disfrutar Barcelona desde el agua.', 'Fiesta privada en barco en Barcelona | JimBoats', 'Reserva una fiesta privada en barco en Barcelona para grupos, cumpleaños y celebraciones en el mar.', 'Celebracion privada en barco desde Port Olimpic con musica, parada para baño y vistas de la costa de Barcelona.', 'Patron, combustible, sistema Bluetooth, bebidas de bienvenida y parada para baño.', 'Bañador, toalla, protector solar y playlist.', 'Se paga una señal de EUR 100 online. El resto se paga a bordo en efectivo.', 'Duracion 5h · Hasta 10 personas · Sonido Bluetooth · Parada para baño', 'Amigos celebrando en un barco privado en el Mediterraneo.'),
    ('romantic-proposal-es', 'romantic-proposal', 'es', 'romantic-proposal', 'Propuesta romantica', 'Propuesta romantica en barco en Barcelona', 'Crea un recuerdo para toda la vida con decoracion intima, champan premium y el lugar perfecto en el mar.', 'Experiencia privada para pedidas de mano en el mar, pensada alrededor de la luz dorada, privacidad y detalles cuidados.', 'Propuesta romantica en barco en Barcelona | JimBoats', 'Planifica una propuesta romantica privada en barco en Barcelona con patron, opciones de decoracion y vistas al atardecer.', 'Charter romantico privado desde Port Olimpic para pedidas, aniversarios y celebraciones intimas.', 'Patron, combustible, bebidas de bienvenida, setup privado y planificacion de ruta.', 'Ropa comoda, camara y cualquier detalle personal que quieras llevar a bordo.', 'Se paga una señal de EUR 100 online. El resto se paga a bordo en efectivo.', 'Duracion 3h · Hasta 6 personas · Setup romantico · Opcion sunset', 'Decoracion romantica para una propuesta en la cubierta de un barco privado.'),
    ('sunset-private-cruise-ca', 'sunset-private-cruise', 'ca', 'sunset-private-cruise', 'Un brindis a l''hora daurada', 'Sortida privada al capvespre a Barcelona', 'Viu la costa de Barcelona mentre el sol baixa a l''horitzo. Una sortida tranquil·la amb begudes premium i vistes memorables.', 'Xarter privat al capvespre des del Port Olimpic per a parelles, amics i grups petits que busquen llum daurada, mar tranquil·la i skyline de Barcelona.', 'Sortida privada al capvespre a Barcelona | JimBoats', 'Reserva una sortida privada al capvespre a Barcelona amb patro, combustible, begudes de benvinguda i vistes mediterranies.', 'Xarter privat al capvespre des del Port Olimpic amb patro, begudes i ruta escenica per la costa.', 'Patro, combustible, begudes de benvinguda, snacks lleugers i equip de snorkel.', 'Banyador, tovallola, crema solar i una jaqueta lleugera per a la tornada.', 'Es paga una paga i senyal de EUR 100 online. La resta es paga a bord en efectiu.', 'Durada 3h · Fins a 8 persones · Port Olimpic · Senyal EUR 100', 'Amics gaudint d''una sortida privada al capvespre prop de Barcelona.'),
    ('morning-breeze-charter-ca', 'morning-breeze-charter', 'ca', 'morning-breeze-charter', 'Sent la brisa mediterrania', 'Xarter privat de mati a Barcelona', 'Comença el dia navegant amb aire fresc, bany en aigues clares i el mar tranquil abans que la ciutat desperti.', 'Sortida privada de mati per a qui prefereix aigua calmada, llum clara i un inici relaxat des del Port Olimpic.', 'Xarter privat de mati a Barcelona | JimBoats', 'Reserva un xarter privat de mati a Barcelona amb parada per banyar-se, patro i begudes de benvinguda.', 'Experiencia privada de mati des del Port Olimpic per gaudir de mar tranquil·la, bany i vistes mediterranies.', 'Patro, combustible, begudes de benvinguda, equip de snorkel i parada per banyar-se.', 'Banyador, tovallola, crema solar i ulleres de sol.', 'Es paga una paga i senyal de EUR 100 online. La resta es paga a bord en efectiu.', 'Durada 4h · Fins a 8 persones · Slot de mati · Port Olimpic', 'Convidats relaxant-se a coberta durant una sortida privada de mati.'),
    ('party-on-board-ca', 'party-on-board', 'ca', 'party-on-board', 'Party on Board', 'Festa privada en vaixell a Barcelona', 'Celebra amb els teus amics en un vaixell privat, amb la teva musica preferida i un ambient viu sobre l''aigua.', 'Xarter privat per aniversaris, grups i celebracions relaxades al mar, amb patro, so i espai per gaudir Barcelona des de l''aigua.', 'Festa privada en vaixell a Barcelona | JimBoats', 'Reserva una festa privada en vaixell a Barcelona per a grups, aniversaris i celebracions al mar.', 'Celebracio privada en vaixell des del Port Olimpic amb musica, parada per banyar-se i vistes de la costa de Barcelona.', 'Patro, combustible, sistema Bluetooth, begudes de benvinguda i parada per banyar-se.', 'Banyador, tovallola, crema solar i playlist.', 'Es paga una paga i senyal de EUR 100 online. La resta es paga a bord en efectiu.', 'Durada 5h · Fins a 10 persones · So Bluetooth · Parada per banyar-se', 'Amics celebrant en un vaixell privat al Mediterrani.'),
    ('romantic-proposal-ca', 'romantic-proposal', 'ca', 'romantic-proposal', 'Proposta romantica', 'Proposta romantica en vaixell a Barcelona', 'Crea un record per sempre amb decoracio intima, xampany premium i el lloc perfecte al mar.', 'Experiencia privada per a una peticio de ma al mar, pensada al voltant de la llum daurada, privacitat i detalls cuidats.', 'Proposta romantica en vaixell a Barcelona | JimBoats', 'Planifica una proposta romantica privada en vaixell a Barcelona amb patro, opcions de decoracio i vistes al capvespre.', 'Xarter romantic privat des del Port Olimpic per a propostes, aniversaris i celebracions intimes.', 'Patro, combustible, begudes de benvinguda, setup privat i planificacio de ruta.', 'Roba comoda, camera i qualsevol detall personal que vulguis portar a bord.', 'Es paga una paga i senyal de EUR 100 online. La resta es paga a bord en efectiu.', 'Durada 3h · Fins a 6 persones · Setup romantic · Opcio sunset', 'Decoracio romantica per a una proposta a la coberta d''un vaixell privat.')
)
insert into localized_experience_contents (
  id,
  experience_id,
  locale,
  slug,
  status,
  public_page_enabled,
  indexing_policy,
  title,
  h1,
  main_content,
  seo_title,
  seo_description,
  geo_summary,
  source_version,
  published_at,
  created_at,
  updated_at,
  summary,
  included_text,
  bring_text,
  visible_terms,
  key_facts,
  image_alt_text
)
select
  id,
  experience_id,
  locale,
  slug,
  'PUBLISHED'::"LocalizedContentStatus",
  true,
  'INDEX'::"IndexingPolicy",
  title,
  h1,
  main_content,
  seo_title,
  seo_description,
  geo_summary,
  1,
  now(),
  now(),
  now(),
  summary,
  included_text,
  bring_text,
  visible_terms,
  key_facts,
  image_alt_text
from content_rows
on conflict (experience_id, locale) do update set
  id = excluded.id,
  slug = excluded.slug,
  status = excluded.status,
  public_page_enabled = excluded.public_page_enabled,
  indexing_policy = excluded.indexing_policy,
  title = excluded.title,
  h1 = excluded.h1,
  main_content = excluded.main_content,
  seo_title = excluded.seo_title,
  seo_description = excluded.seo_description,
  geo_summary = excluded.geo_summary,
  source_version = excluded.source_version,
  published_at = excluded.published_at,
  summary = excluded.summary,
  included_text = excluded.included_text,
  bring_text = excluded.bring_text,
  visible_terms = excluded.visible_terms,
  key_facts = excluded.key_facts,
  image_alt_text = excluded.image_alt_text,
  updated_at = now();

with faq_rows (id, localized_content_id, question, answer, position) as (
  select
    content.id || '-faq-1',
    content.id,
    case content.locale
      when 'es' then '¿Desde donde sale la experiencia?'
      when 'ca' then 'Des d''on surt l''experiencia?'
      else 'Where does the experience depart from?'
    end,
    case content.locale
      when 'es' then 'Todas las experiencias salen desde Port Olimpic, Barcelona.'
      when 'ca' then 'Totes les experiencies surten des del Port Olimpic, Barcelona.'
      else 'All experiences depart from Port Olimpic, Barcelona.'
    end,
    1
  from localized_experience_contents content
  where content.experience_id in (
    'sunset-private-cruise',
    'morning-breeze-charter',
    'party-on-board',
    'romantic-proposal'
  )
)
insert into localized_experience_faqs (
  id,
  localized_content_id,
  question,
  answer,
  position,
  created_at,
  updated_at
)
select
  id,
  localized_content_id,
  question,
  answer,
  position,
  now(),
  now()
from faq_rows
on conflict (id) do update set
  localized_content_id = excluded.localized_content_id,
  question = excluded.question,
  answer = excluded.answer,
  position = excluded.position,
  updated_at = now();

commit;
